timestamp	pid	cpu_percent	mem_percent	rss_kb	etime	state
2026-09-25T21:59:17+0900	90809	8.5	2.7	225872	06:01:54	S+
2026-09-25T21:59:19+0900	90809	66.8	5.2	434208	06:01:56	S+
2026-09-25T21:59:21+0900	90809	30.0	5.2	437104	06:01:58	R+
2026-09-25T21:59:23+0900	90809	40.6	4.6	385040	06:02:00	R+
2026-09-25T21:59:25+0900	90809	54.1	4.1	346464	06:02:02	R+
2026-09-25T21:59:27+0900	90809	29.3	3.8	317600	06:02:04	S+
2026-09-25T21:59:29+0900	90809	10.5	3.1	259312	06:02:06	S+
2026-09-25T21:59:31+0900	90809	8.7	2.8	234768	06:02:08	S+
2026-09-25T21:59:33+0900	90809	48.2	4.0	332912	06:02:10	S+
2026-09-25T21:59:36+0900	90809	14.5	4.9	407264	06:02:13	S+
2026-09-25T21:59:38+0900	90809	8.1	4.3	359120	06:02:15	S+
2026-09-25T21:59:40+0900	90809	77.8	4.7	396480	06:02:17	R+
2026-09-25T21:59:42+0900	90809	30.7	3.7	311952	06:02:19	S+
2026-09-25T21:59:44+0900	90809	12.6	4.1	343488	06:02:21	S+
2026-09-25T21:59:46+0900	90809	38.6	4.7	397856	06:02:23	S+
2026-09-25T21:59:48+0900	90809	20.6	1.5	128128	06:02:25	R+
2026-09-25T21:59:50+0900	90809	49.7	5.8	483872	06:02:27	S+
2026-09-25T21:59:52+0900	90809	6.2	2.7	230448	06:02:29	S+
2026-09-25T21:59:54+0900	90809	81.1	5.1	431232	06:02:31	R+
2026-09-25T21:59:56+0900	90809	28.4	4.0	335488	06:02:33	R+
2026-09-25T21:59:58+0900	90809	93.4	5.0	418432	06:02:35	R+
2026-09-25T22:00:00+0900	90809	12.4	4.3	360416	06:02:37	S+
2026-09-25T22:00:02+0900	90809	39.5	4.0	335568	06:02:39	R+
2026-09-25T22:00:04+0900	90809	19.3	1.9	160544	06:02:41	U+
2026-09-25T22:00:06+0900	90809	19.9	2.6	220912	06:02:43	S+
2026-09-25T22:00:08+0900	90809	8.0	4.8	403184	06:02:45	R+
2026-09-25T22:00:10+0900	90809	7.2	4.6	388496	06:02:48	S+
2026-09-25T22:00:13+0900	90809	96.7	5.5	460416	06:02:50	R+
2026-09-25T22:00:15+0900	90809	27.0	3.9	324896	06:02:52	S+
2026-09-25T22:00:17+0900	90809	11.9	2.2	186432	06:02:54	S+
