timestamp	pid	pid_exists	cpu_percent	rss_kb	state	direct_child_count	direct_child_cpu_percent	direct_child_rss_kb	screen_phase	terminal_running	latest_source_id
2026-09-25T22:02:23+09:00	90809	true	95.1	424992	R+	1	1.4	162736	terminal-running	true	
2026-09-25T22:02:28+09:00	90809	true	15.4	215552	S+	1	0.1	62864	terminal-running	true	
2026-09-25T22:02:33+09:00	90809	true	9.2	295440	S+	1	0.0	59504	terminal-running	true	
2026-09-25T22:02:38+09:00	90809	true	10.6	332464	S+	1	0.0	62800	terminal-running	true	
2026-09-25T22:02:43+09:00	90809	true	7.8	321968	S+	1	1.0	71616	terminal-running	true	
2026-09-25T22:02:48+09:00	90809	true	8.6	423920	S+	1	1.3	72608	terminal-running	true	
2026-09-25T22:02:53+09:00	90809	true	8.1	205520	S+	1	1.4	59424	terminal-running	true	
2026-09-25T22:02:58+09:00	90809	true	36.8	408112	S+	1	0.1	56512	terminal-running	true	
2026-09-25T22:03:03+09:00	90809	true	7.8	212640	S+	1	0.0	56480	terminal-running	true	
2026-09-25T22:03:08+09:00	90809	true	6.9	255152	S+	1	0.0	53872	terminal-running	true	
2026-09-25T22:03:13+09:00	90809	true	42.9	339872	R+	1	2.2	62672	terminal-running	true	
2026-09-25T22:03:18+09:00	90809	true	8.5	396848	S+	1	1.3	87776	terminal-running	true	
2026-09-25T22:03:23+09:00	90809	true	7.7	469072	S+	1	1.3	55824	terminal-running	true	
2026-09-25T22:03:28+09:00	90809	true	11.9	255984	S+	1	1.8	56112	terminal-running	true	
2026-09-25T22:03:33+09:00	90809	true	89.7	419680	S+	1	2.9	174320	terminal-running	true	
2026-09-25T22:03:38+09:00	90809	true	10.5	260560	S+	1	1.4	58784	terminal-running	true	
2026-09-25T22:03:43+09:00	90809	true	10.5	209792	S+	1	1.5	56128	terminal-running	true	
2026-09-25T22:03:48+09:00	90809	true	23.3	179232	R+	1	1.9	56080	terminal-running	true	
2026-09-25T22:03:53+09:00	90809	true	14.6	405456	S+	1	7.7	144016	terminal-running	true	
2026-09-25T22:03:58+09:00	90809	true	8.0	477488	S+	1	0.0	97824	terminal-running	true	
2026-09-25T22:04:03+09:00	90809	true	60.2	363264	R+	1	35.6	171232	terminal-running	true	
2026-09-25T22:04:08+09:00	90809	true	19.7	512208	S+	1	0.0	51008	terminal-running	true	
2026-09-25T22:04:13+09:00	90809	true	8.8	209248	S+	1	1.5	47248	terminal-running	true	
2026-09-25T22:04:18+09:00	90809	true	6.7	262096	S+	1	1.2	69248	terminal-running	true	
2026-09-25T22:04:23+09:00	90809	true	6.0	238864	S+	1	1.4	58256	terminal-running	true	
2026-09-25T22:04:28+09:00	90809	true	6.5	291440	S+	1	1.4	57104	terminal-running	true	
2026-09-25T22:04:33+09:00	90809	true	7.6	316480	S+	1	1.3	62080	terminal-running	true	
2026-09-25T22:04:38+09:00	90809	true	24.7	432016	S+	1	1.2	54880	terminal-running	true	
2026-09-25T22:04:43+09:00	90809	true	50.1	378016	S+	1	0.8	50096	terminal-running	true	
2026-09-25T22:04:48+09:00	90809	true	30.2	206624	R+	1	1.5	101376	terminal-running	true	
2026-09-25T22:04:53+09:00	90809	true	77.6	413616	S+	1	1.5	171728	terminal-running	true	
2026-09-25T22:04:58+09:00	90809	true	18.5	184656	S+	1	0.0	44800	terminal-running	true	
2026-09-25T22:05:03+09:00	90809	true	11.8	289088	S+	1	1.4	93872	terminal-running	true	
2026-09-25T22:05:08+09:00	90809	true	20.6	231760	S+	1	0.1	45952	terminal-running	true	
2026-09-25T22:05:13+09:00	90809	true	19.2	229344	S+	1	0.0	29184	terminal-running	true	
2026-09-25T22:05:18+09:00	90809	true	13.8	234320	S+	1	0.0	29040	terminal-running	true	
2026-09-25T22:05:23+09:00	90809	true	20.2	242208	R+	1	0.0	32208	terminal-running	true	
2026-09-25T22:05:28+09:00	90809	true	10.0	246080	S+	1	0.0	30144	terminal-running	true	
2026-09-25T22:05:33+09:00	90809	true	68.2	343744	S+	1	12.3	153008	terminal-running	true	
2026-09-25T22:05:38+09:00	90809	true	20.2	200480	R+	1	1.3	47936	terminal-running	true	
2026-09-25T22:05:43+09:00	90809	true	19.0	209296	S+	1	0.3	44048	terminal-running	true	
2026-09-25T22:05:48+09:00	90809	true	16.0	311312	S+	1	0.1	54352	terminal-running	true	
2026-09-25T22:05:53+09:00	90809	true	13.2	207760	S+	1	0.4	55680	terminal-running	true	
2026-09-25T22:05:58+09:00	90809	true	15.8	238624	S+	1	1.5	55792	terminal-running	true	
2026-09-25T22:06:03+09:00	90809	true	10.4	276352	S+	1	1.2	57104	terminal-running	true	
2026-09-25T22:06:08+09:00	90809	true	11.1	291936	S+	1	1.5	54864	terminal-running	true	
2026-09-25T22:06:13+09:00	90809	true	24.2	414512	R+	1	0.0	58080	terminal-running	true	
2026-09-25T22:06:18+09:00	90809	true	13.5	387216	S+	1	0.7	64336	terminal-running	true	
2026-09-25T22:06:23+09:00	90809	true	15.8	112000	S+	1	0.0	52368	terminal-running	true	
2026-09-25T22:06:28+09:00	90809	true	6.8	354720	S+	1	0.0	172384	terminal-running	true	
2026-09-25T22:06:33+09:00	90809	true	21.2	183264	S+	1	1.0	49584	terminal-running	true	
2026-09-25T22:06:38+09:00	90809	true	23.7	188928	R+	1	0.4	19168	terminal-running	true	
2026-09-25T22:06:43+09:00	90809	true	23.9	184880	R+	1	0.0	11744	terminal-running	true	
2026-09-25T22:06:48+09:00	90809	true	22.3	211424	S+	1	0.0	27328	terminal-running	true	
2026-09-25T22:06:53+09:00	90809	true	16.2	193888	S+	1	0.0	20336	terminal-running	true	
2026-09-25T22:06:58+09:00	90809	true	15.5	298016	S+	1	0.0	18496	terminal-running	true	
2026-09-25T22:07:03+09:00	90809	true	9.8	249584	R+	1	0.3	86528	terminal-running	true	
2026-09-25T22:07:08+09:00	90809	true	13.0	152368	S+	1	0.9	47440	terminal-running	true	
2026-09-25T22:07:13+09:00	90809	true	15.3	199360	R+	1	0.0	40944	terminal-running	true	
2026-09-25T22:07:18+09:00	90809	true	7.0	290256	S+	1	0.0	46432	terminal-running	true	
2026-09-25T22:07:23+09:00	90809	true	7.4	219488	S+	1	1.1	48592	terminal-running	true	
2026-09-25T22:07:28+09:00	90809	true	9.1	231536	S+	1	0.0	46672	terminal-running	true	
2026-09-25T22:07:33+09:00	90809	true	59.8	522272	S+	1	0.0	54624	terminal-running	true	
2026-09-25T22:07:38+09:00	90809	true	15.7	297696	R+	1	19.3	158352	terminal-running	true	
2026-09-25T22:07:43+09:00	90809	true	7.4	255536	R+	1	12.9	139264	terminal-running	true	
2026-09-25T22:07:48+09:00	90809	true	16.7	317200	R+	1	0.1	55968	terminal-running	true	
2026-09-25T22:07:53+09:00	90809	true	105.9	459072	R+	1	0.1	54800	terminal-running	true	
2026-09-25T22:07:58+09:00	90809	true	91.1	443616	R+	1	2.7	70224	terminal-running	true	
2026-09-25T22:08:03+09:00	90809	true	45.8	405296	S+	1	0.4	67056	terminal-running	true	
2026-09-25T22:08:08+09:00	90809	true	59.5	284960	R+	1	2.4	51408	terminal-running	true	
2026-09-25T22:08:13+09:00	90809	true	22.3	461568	S+	1	0.0	48176	terminal-running	true	
2026-09-25T22:08:18+09:00	90809	true	133.1	559360	R+	1	0.9	100848	terminal-running	true	
2026-09-25T22:08:23+09:00	90809	true	6.0	422352	S+	1	0.0	77952	terminal-running	true	
2026-09-25T22:08:28+09:00	90809	true	15.9	526144	S+	1	1.3	61856	terminal-running	true	
2026-09-25T22:08:33+09:00	90809	true	14.6	175872	S+	1	0.0	59808	terminal-running	true	
2026-09-25T22:08:38+09:00	90809	true	6.0	457456	R+	1	1.2	71904	terminal-running	true	
2026-09-25T22:08:43+09:00	90809	true	9.1	362320	S+	1	0.0	64528	terminal-running	true	
2026-09-25T22:08:48+09:00	90809	true	20.2	286016	R+	1	22.8	130144	terminal-running	true	
2026-09-25T22:08:53+09:00	90809	true	87.0	383136	R+	1	2.8	79056	terminal-running	true	
2026-09-25T22:08:58+09:00	90809	true	96.5	477456	R+	1	2.5	59888	terminal-running	true	
2026-09-25T22:09:03+09:00	90809	true	33.2	396400	S+	1	2.8	64992	terminal-running	true	
2026-09-25T22:09:08+09:00	90809	true	98.9	496336	R+	1	1.3	61536	terminal-running	true	
2026-09-25T22:09:13+09:00	90809	true	93.5	474896	R+	1	1.1	57920	terminal-running	true	
2026-09-25T22:09:18+09:00	90809	true	98.1	515888	R+	1	0.6	131776	terminal-running	true	
2026-09-25T22:09:23+09:00	90809	true	6.9	484928	S+	1	0.0	58992	terminal-running	true	
2026-09-25T22:09:28+09:00	90809	true	8.5	485984	S+	1	6.6	99472	terminal-running	true	
2026-09-25T22:09:33+09:00	90809	true	65.2	412512	R+	1	14.9	166560	terminal-running	true	
2026-09-25T22:09:38+09:00	90809	true	24.8	448528	S+	1	0.0	55936	terminal-running	true	
2026-09-25T22:09:43+09:00	90809	true	11.7	377872	R+	1	0.0	67584	terminal-running	true	
2026-09-25T22:09:48+09:00	90809	true	25.8	342112	S+	1	0.0	70656	terminal-running	true	
2026-09-25T22:09:53+09:00	90809	true	16.2	234688	S+	1	0.8	58688	terminal-running	true	
2026-09-25T22:09:58+09:00	90809	true	7.1	338464	S+	1	0.0	142256	terminal-running	true	
2026-09-25T22:10:03+09:00	90809	true	8.0	231872	S+	1	1.4	58912	terminal-running	true	
2026-09-25T22:10:08+09:00	90809	true	7.0	343616	S+	1	1.3	58368	terminal-running	true	
2026-09-25T22:10:13+09:00	90809	true	12.6	483424	S+	1	1.2	65568	terminal-running	true	
2026-09-25T22:10:18+09:00	90809	true	15.8	371616	S+	1	1.3	47888	terminal-running	true	
2026-09-25T22:10:23+09:00	90809	true	8.2	379536	S+	1	0.4	46816	terminal-running	true	
2026-09-25T22:10:28+09:00	90809	true	20.3	369184	S+	1	1.3	54464	terminal-running	true	
2026-09-25T22:10:33+09:00	90809	true	7.8	240160	S+	1	1.2	45968	terminal-running	true	
2026-09-25T22:10:38+09:00	90809	true	7.8	260832	S+	1	1.4	45792	terminal-running	true	
2026-09-25T22:10:43+09:00	90809	true	8.5	424848	S+	1	1.2	47872	terminal-running	true	
2026-09-25T22:10:48+09:00	90809	true	11.5	323072	S+	1	1.9	71232	terminal-running	true	
2026-09-25T22:10:53+09:00	90809	true	7.6	255824	R+	1	1.2	55696	terminal-running	true	
2026-09-25T22:10:58+09:00	90809	true	8.0	385488	S+	1	0.0	86544	terminal-running	true	
2026-09-25T22:11:03+09:00	90809	true	7.8	239696	S+	1	1.2	58928	terminal-running	true	
2026-09-25T22:11:08+09:00	90809	true	8.1	245552	S+	1	1.3	59648	terminal-running	true	
2026-09-25T22:11:13+09:00	90809	true	11.7	493952	S+	1	1.4	61488	terminal-running	true	
2026-09-25T22:11:18+09:00	90809	true	7.3	170800	S+	1	1.6	50448	terminal-running	true	
2026-09-25T22:11:23+09:00	90809	true	5.7	361872	S+	1	1.2	82928	terminal-running	true	
2026-09-25T22:11:28+09:00	90809	true	7.7	240288	S+	1	1.3	49168	terminal-running	true	
2026-09-25T22:11:33+09:00	90809	true	14.7	205904	S+	1	1.2	33776	terminal-running	true	
2026-09-25T22:11:38+09:00	90809	true	5.9	292640	S+	1	0.0	47488	terminal-running	true	
2026-09-25T22:11:43+09:00	90809	true	93.6	430032	R+	1	10.0	99520	idle-ready	false	
2026-09-25T22:11:48+09:00	90809	true	9.0	218960	S+	1	1.3	62000	terminal-running	true	
2026-09-25T22:11:53+09:00	90809	true	6.4	213136	S+	1	1.3	59024	terminal-running	true	
2026-09-25T22:11:58+09:00	90809	true	47.0	441200	S+	1	0.4	52384	terminal-running	true	
2026-09-25T22:12:03+09:00	90809	true	11.3	238368	S+	1	0.4	51920	terminal-running	true	
2026-09-25T22:12:08+09:00	90809	true	8.9	214000	S+	1	1.2	42208	terminal-running	true	
2026-09-25T22:12:13+09:00	90809	true	8.0	222320	R+	1	1.3	42624	terminal-running	true	
2026-09-25T22:12:18+09:00	90809	true	15.2	224976	S+	1	1.6	50480	terminal-running	true	
